Date,BAC,C,GS,JPM,MS
2023-01-03,30.640949249267578,40.64421844482422,318.0115966796875,123.7352066040039,76.6174545288086
2023-01-04,31.217012405395508,41.69184112548828,319.3711242675781,124.88900756835938,77.44869995117188
2023-01-05,31.152997970581055,41.50540542602539,315.7521057128906,124.86136627197266,76.79621124267578
2023-01-06,31.463890075683594,42.00257110595703,319.72015380859375,127.2506332397461,78.26205444335938
2023-01-09,30.98841094970703,42.20677947998047,324.2392272949219,126.72478485107422,78.33357238769531
2023-01-10,31.198720932006836,42.78386306762695,328.2440185546875,127.85950469970703,79.4776382446289
2023-01-11,31.436466217041016,43.24551773071289,334.7839050292969,128.8096923828125,79.9334945678711
2023-01-12,31.518760681152344,43.5828857421875,339.7990417480469,128.68052673339844,80.91666412353516
2023-01-13,32.21368408203125,44.31977844238281,343.52825927734375,131.927734375,81.92668914794922
2023-01-17,31.564477920532227,44.666019439697266,321.4102478027344,129.8889923095703,86.7711410522461
2023-01-18,30.832969665527344,43.88475036621094,320.6478271484375,125.98682403564453,86.32424926757812
2023-01-19,30.384918212890625,43.83147430419922,322.1725158691406,124.3078384399414,84.15225982666016
2023-01-20,30.95183753967285,45.35851287841797,313.988525390625,124.61225891113281,86.02033996582031
2023-01-23,31.38159942626953,46.14867401123047,320.6938171386719,126.6325912475586,86.81582641601562
2023-01-24,31.610191345214844,45.651493072509766,319.94970703125,127.72113800048828,85.36785888671875
2023-01-25,31.884510040283203,46.07765579223633,321.1438293457031,128.33921813964844,85.48404693603516
2023-01-26,32.31426239013672,46.335121154785156,326.0487976074219,129.132568359375,86.25274658203125
2023-01-27,32.41485595703125,46.042144775390625,324.8822021484375,129.44622802734375,86.57450866699219
2023-01-30,32.27769088745117,45.94448471069336,328.3358459472656,128.34841918945312,86.46188354492188
2023-01-31,32.4422721862793,46.36175537109375,336.0055236816406,129.11412048339844,87.69627380371094
2023-02-01,32.844608306884766,46.29961013793945,335.91363525390625,128.7727813720703,88.4711685180664
2023-02-02,33.036624908447266,46.36175537109375,339.36737060546875,128.17315673828125,89.39021301269531
2023-02-03,33.31094741821289,45.680362701416016,339.80828857421875,130.15652465820312,89.58840942382812
2023-02-06,33.256072998046875,45.599666595458984,340.5889892578125,130.92222595214844,89.11088562011719
2023-02-07,33.621829986572266,45.84174728393555,343.89569091796875,132.5181427001953,89.3991928100586
2023-02-08,33.37495422363281,45.85968017578125,344.53863525390625,131.58642578125,89.16493225097656
2023-02-09,32.66173553466797,44.8106803894043,338.0080261230469,129.53846740722656,88.34500122070312
2023-02-10,32.533721923828125,44.92723846435547,341.0298767089844,130.1104278564453,88.69640350341797
2023-02-13,32.59772491455078,45.72518539428711,343.546630859375,131.5218505859375,89.58840942382812
2023-02-14,32.57030487060547,46.272098541259766,341.48919677734375,132.10302734375,90.60658264160156
2023-02-15,32.51543426513672,46.46038818359375,343.8406066894531,132.65655517578125,90.84983825683594
2023-02-16,32.2593994140625,46.13760757446289,340.03790283203125,130.82997131347656,89.71454620361328
2023-02-17,32.32340621948242,46.101741790771484,338.47637939453125,131.21742248535156,89.66049194335938
2023-02-21,31.564477920532227,44.68516540527344,331.6976318359375,128.8096923828125,87.95756530761719
2023-02-22,31.354169845581055,44.86448669433594,331.4864501953125,127.82259368896484,87.64220428466797
2023-02-23,31.326738357543945,45.16931915283203,333.9205322265625,128.84657287597656,88.24591064453125
2023-02-24,31.28101348876953,44.98999786376953,334.2052307128906,130.00894165039062,88.02965545654297
2023-02-27,31.28101348876953,45.250003814697266,335.74835205078125,131.14361572265625,87.1286392211914
2023-02-28,31.363313674926758,45.44725036621094,322.9992370605469,132.24143981933594,86.94844055175781
2023-03-01,31.217012405395508,46.1734733581543,320.2979736328125,131.50340270996094,86.66911315917969
2023-03-02,30.821269989013672,46.083824157714844,322.9530029296875,130.1381072998047,86.56999969482422
2023-03-03,31.437883377075195,46.93556213378906,330.3445129394531,132.5273895263672,88.5972900390625
2023-03-06,31.373464584350586,46.78314208984375,330.3075256347656,131.7525177001953,88.64234924316406
2023-03-07,30.370323181152344,45.796913146972656,320.1592102050781,127.8779296875,86.55197143554688
2023-03-08,29.96538543701172,45.43828201293945,323.1287841796875,127.12153625488281,86.40782928466797
2023-03-09,28.106353759765625,43.57341766357422,316.4680480957031,120.23957824707031,83.07404327392578
2023-03-10,27.857868194580078,43.340309143066406,303.1280517578125,123.29308319091797,81.13685607910156
2023-03-13,26.23811912536621,40.11264419555664,291.8788146972656,121.07905578613281,79.28074645996094
2023-03-14,26.46819496154785,42.497535705566406,298.021484375,124.18791198730469,81.06477355957031
2023-03-15,26.219707489013672,40.18437576293945,288.8075256347656,118.32075500488281,76.93809509277344
2023-03-16,26.66145896911621,40.90163040161133,291.490234375,120.61781311035156,78.39775085449219
2023-03-17,25.60310173034668,39.67332458496094,280.8054504394531,116.06062316894531,75.84785461425781
2023-03-20,25.538679122924805,39.529876708984375,286.3467712402344,117.28756713867188,77.1633529663086
2023-03-21,26.31174087524414,40.40851593017578,293.5163269042969,120.43331146240234,79.97454071044922
2023-03-22,25.437440872192383,39.189178466796875,290.1766357421875,117.324462890625,78.88430786132812
2023-03-23,24.82083511352539,38.95606994628906,291.26824951171875,117.01079559326172,77.34354400634766
2023-03-24,24.97728729248047,38.65123748779297,289.15899658203125,115.2303695678711,75.640625
2023-03-27,26.219707489013672,40.14851379394531,294.6726379394531,118.53295135498047,76.26232147216797
2023-03-28,25.879194259643555,40.542999267578125,294.5893859863281,118.89273071289062,76.47857666015625
2023-03-29,26.385366439819336,41.1974983215332,296.6985778808594,119.1325912475586,77.70397186279297
2023-03-30,26.044849395751953,41.305091857910156,297.087158203125,118.7728042602539,77.58683776855469
2023-03-31,26.320947647094727,42.04027557373047,302.6100158691406,120.21192169189453,79.10955047607422
2023-04-03,26.31174087524414,41.87888717651367,302.0641174316406,120.07354736328125,78.53290557861328
2023-04-04,25.750349044799805,41.323020935058594,298.48406982421875,118.46837615966797,76.42451477050781
2023-04-05,25.437440872192383,41.0361213684082,297.4479675292969,118.6450424194336,75.52349853515625
2023-04-06,25.62150764465332,41.11681365966797,298.2528076171875,118.51486206054688,75.85686492919922
2023-04-10,25.713537216186523,41.708553314208984,300.62103271484375,118.90533447265625,75.68567657470703
2023-04-11,26.422178268432617,42.31821060180664,302.85052490234375,119.4911117553711,76.66777801513672
2023-04-12,26.21050453186035,42.067161560058594,305.5055236816406,119.47250366210938,77.01018524169922
2023-04-13,26.28413200378418,42.40787124633789,307.2539978027344,119.92808532714844,77.20841217041016
2023-04-14,27.167633056640625,44.434120178222656,311.6852722167969,128.98379516601562,78.12743377685547
2023-04-17,27.949899673461914,44.550682067871094,314.2384948730469,130.00653076171875,80.45207214355469
2023-04-18,28.124757766723633,44.90034484863281,308.9006652832031,131.4662322998047,80.95664978027344
2023-04-19,27.664602279663086,45.18724822998047,311.6575012207031,131.29888916015625,81.49724578857422
2023-04-20,27.517351150512695,44.29067611694336,313.3411865234375,130.91769409179688,81.47924041748047
2023-04-21,27.489744186401367,43.95894241333008,316.0702819824219,130.66665649414062,82.10094451904297
2023-04-24,27.388511657714844,43.95894241333008,318.1979675292969,130.8433074951172,81.27198028564453
2023-04-25,26.541820526123047,42.94581604003906,314.0534973144531,127.9982681274414,79.34382629394531
2023-04-26,26.173694610595703,42.01338577270508,311.35223388671875,125.72969055175781,79.68620300292969
2023-04-27,26.58783531188965,42.165794372558594,316.0147399902344,127.42184448242188,81.32606506347656
2023-04-28,26.946758270263672,42.6643180847168,317.7168884277344,128.52822875976562,81.766845703125
2023-05-01,26.72588539123535,42.82747268676758,315.0619201660156,131.28028869628906,79.91284942626953
2023-05-02,25.91600799560547,41.69447326660156,308.4011535644531,129.1604461669922,78.42237854003906
2023-05-03,25.63991355895996,41.39535140991211,304.0346984863281,126.42701721191406,77.02279663085938
2023-05-04,24.8392391204834,40.697425842285156,297.19818115234375,124.69769287109375,75.07791137695312
2023-05-05,25.50186538696289,41.984519958496094,302.52679443359375,127.13362884521484,77.14092254638672
2023-05-08,25.483461380004883,42.02077102661133,302.05499267578125,127.4404525756836,76.7319564819336
2023-05-09,25.45585060119629,42.165802001953125,300.44525146484375,126.82681274414062,76.67742919921875
2023-05-10,25.142942428588867,42.02983474731445,298.39154052734375,126.8918685913086,76.08670043945312
2023-05-11,25.207365036010742,41.721656799316406,296.6985778808594,126.49209594726562,75.09606170654297
2023-05-12,24.9312744140625,41.19594955444336,295.5699768066406,124.67909240722656,74.87796020507812
2023-05-15,25.44664764404297,41.73979187011719,297.9474792480469,125.72969055175781,75.38690185546875
2023-05-16,25.17975616455078,41.04185104370117,296.7818603515625,124.88363647460938,74.39627838134766
2023-05-17,26.2933349609375,42.67338180541992,305.4500427246094,128.72348022460938,76.2593765258789
2023-05-18,26.201303482055664,42.0479621887207,304.89501953125,129.69970703125,76.7864990234375
2023-05-19,25.869993209838867,41.43161392211914,301.721923828125,129.4021759033203,74.74164581298828
2023-05-22,26.0816650390625,41.50412368774414,300.58404541015625,128.33299255371094,74.76888275146484
2023-05-23,26.302536010742188,41.61289596557617,299.3351745605469,126.99417877197266,75.10517120361328
2023-05-24,25.86078643798828,40.3258056640625,295.8567199707031,125.8319320678711,73.81464385986328
2023-05-25,25.925209045410156,40.09014129638672,299.6219177246094,126.13878631591797,75.4323501586914
2023-05-26,26.054054260253906,40.42551040649414,307.14300537109375,127.31957244873047,76.25028991699219
2023-05-30,26.008039474487305,40.51614761352539,306.0513610839844,127.80303192138672,75.81404876708984
2023-05-31,25.575489044189453,40.17171096801758,301.9219665527344,126.17597198486328,74.3053970336914
2023-06-01,25.770301818847656,40.643043518066406,294.930908203125,127.91463470458984,74.5871353149414
2023-06-02,26.633018493652344,41.984519958496094,301.68896484375,130.6015625,76.65924835205078
2023-06-05,26.475317001342773,41.912010192871094,299.9737548828125,129.31851196289062,76.10486602783203
2023-06-06,27.115400314331055,42.8002815246582,304.62518310546875,129.5509796142578,78.03157806396484
2023-06-07,27.347314834594727,43.516334533691406,312.9678955078125,130.80613708496094,78.61322784423828
2023-06-08,27.115400314331055,43.59790802001953,312.7069091796875,130.8433074951172,78.4405517578125
2023-06-09,27.152511596679688,43.77919387817383,313.21954345703125,131.10362243652344,78.34965515136719
2023-06-12,27.02263832092285,43.91515350341797,316.4541015625,131.09432983398438,79.46751403808594
2023-06-13,27.273103713989258,44.132686614990234,319.25982666015625,132.04270935058594,80.23094940185547
2023-06-14,27.01335906982422,43.72480773925781,315.4566955566406,131.54994201660156,79.95828247070312
2023-06-15,27.24527359008789,44.014854431152344,316.6871643066406,133.0375213623047,80.93071746826172
2023-06-16,27.078296661376953,43.67948532104492,315.3542175292969,133.19557189941406,80.0582504272461
2023-06-20,26.781444549560547,43.15378189086914,308.27923583984375,132.516845703125,78.822265625
2023-06-21,26.503149032592773,42.972496032714844,303.0126037597656,132.3216094970703,78.46781158447266
2023-06-22,25.937273025512695,42.265506744384766,297.8951110839844,129.7740936279297,76.79558563232422
2023-06-23,25.742469787597656,41.71259307861328,293.35552978515625,129.09536743164062,75.95945739746094
2023-06-26,26.057870864868164,41.912010192871094,291.1650085449219,129.41146850585938,75.96854400634766
2023-06-27,26.197021484375,42.05703353881836,292.1811218261719,129.4207763671875,76.7319564819336
2023-06-28,26.03931999206543,41.9029426574707,292.3768005371094,128.85365295410156,76.33207702636719
2023-06-29,26.586633682250977,41.95732116699219,301.1669616699219,133.35362243652344,77.46810150146484
2023-06-30,26.61446762084961,41.73072814941406,300.654296875,135.222412109375,77.61351013183594
2023-07-03,27.087574005126953,42.36521530151367,304.4480895996094,136.31021118164062,78.53144073486328
2023-07-05,26.976253509521484,42.41958999633789,298.33319091796875,135.4021453857422,78.08609008789062
2023-07-06,26.234130859375,41.13250732421875,291.7615661621094,134.0635223388672,75.73224639892578
2023-07-07,26.466041564941406,41.458805084228516,293.78436279296875,135.12130737304688,75.75952911376953
2023-07-10,26.586633682250977,41.39535140991211,294.99609375,135.87960815429688,75.7958755493164
2023-07-11,26.920597076416016,42.17485809326172,299.1069030761719,138.00462341308594,77.21363067626953
2023-07-12,27.23599624633789,42.94530487060547,304.2523498535156,138.68797302246094,77.94977569580078
2023-07-13,27.523571014404297,43.21722412109375,306.37762451171875,139.3619842529297,78.34965515136719
2023-07-14,27.00408363342285,41.467872619628906,304.05657958984375,140.2045135498047,77.9588851928711
2023-07-17,27.273103713989258,41.930137634277344,304.9980773925781,143.58396911621094,78.49507904052734
2023-07-18,28.47905731201172,42.618995666503906,314.38470458984375,143.84608459472656,83.55722045898438
2023-07-19,29.24901008605957,43.072200775146484,317.44219970703125,144.39837646484375,84.66598510742188
2023-07-20,29.397436141967773,42.972496032714844,327.0526123046875,146.1770477294922,85.24763488769531
2023-07-21,29.666454315185547,42.64619445800781,328.0780029296875,145.05369567871094,85.43848419189453
2023-07-24,30.287986755371094,43.199092864990234,334.57501220703125,147.90890502929688,86.03831481933594
2023-07-25,29.824159622192383,42.68244552612305,330.63214111328125,146.80426025390625,85.81110382080078
2023-07-26,30.065345764160156,43.04500961303711,333.2980041503906,147.68421936035156,85.01134490966797
2023-07-27,29.638629913330078,43.398502349853516,330.4549560546875,146.0553741455078,84.29335021972656
2023-07-28,29.59224510192871,42.972496032714844,329.2618103027344,146.8885040283203,83.99067687988281
2023-07-31,29.685007095336914,43.199092864990234,331.72265625,147.87147521972656,83.98150634765625
2023-08-01,29.332500457763672,42.6643180847168,333.4471435546875,147.14126586914062,83.412841796875
2023-08-02,28.933609008789062,41.975460052490234,327.27630615234375,145.47494506835938,81.92691802978516
2023-08-03,29.137691497802734,41.88481521606445,329.1965637207031,146.36428833007812,81.76181030273438
2023-08-04,29.0356502532959,41.912315368652344,329.25250244140625,146.0553741455078,81.44078826904297
2023-08-07,29.573688507080078,42.0223503112793,331.4336853027344,146.7480926513672,81.70677947998047
2023-08-08,29.007822036743164,41.40802001953125,324.6290588378906,145.92430114746094,81.14727783203125
2023-08-09,28.62748146057129,40.747833251953125,319.4369812011719,143.96780395507812,80.3125991821289
2023-08-10,28.701692581176758,40.6561393737793,317.3023376464844,143.75245666503906,80.38597869873047
2023-08-11,29.02637481689453,40.86703872680664,317.6099548339844,144.58563232421875,80.44099426269531
2023-08-14,28.69241714477539,40.43608093261719,314.8229064941406,144.8851776123047,80.10163879394531
2023-08-15,27.774038314819336,39.620025634765625,309.6680908203125,141.1968231201172,79.02848815917969
2023-08-16,27.171064376831055,39.097381591796875,306.7784118652344,140.5977020263672,78.87252807617188
2023-08-17,27.161785125732422,38.93233871459961,305.2963562011719,139.13735961914062,78.68909454345703
2023-08-18,27.00408363342285,38.73978042602539,302.8821105957031,139.4556121826172,77.86358642578125
2023-08-21,27.04119110107422,38.57474136352539,300.2068786621094,139.93304443359375,77.27655792236328
2023-08-22,26.382553100585938,37.611968994140625,297.15875244140625,137.03103637695312,76.11167907714844
2023-08-23,26.391830444335938,37.666988372802734,300.4584655761719,137.95779418945312,76.48774719238281
2023-08-24,26.549531936645508,37.666988372802734,298.24932861328125,137.8267364501953,76.53360748291016
2023-08-25,26.438209533691406,37.81370162963867,298.4264221191406,137.6582489013672,76.33180236816406
2023-08-28,26.67940330505371,37.887046813964844,303.8514709472656,138.1356964111328,77.39579772949219
2023-08-29,27.059741973876953,38.25382614135742,309.9849853515625,139.25901794433594,78.46895599365234
2023-08-30,26.93914794921875,37.93289566040039,308.83837890625,138.6973419189453,78.20297241210938
2023-08-31,26.817546844482422,37.85954666137695,308.0205993652344,136.98422241210938,78.10206604003906
2023-09-01,27.107515335083008,38.13462448120117,307.729248046875,137.4429473876953,78.65240478515625
2023-09-05,26.798837661743164,37.92372512817383,304.2985534667969,135.92642211914062,77.81773376464844
2023-09-06,26.555635452270508,37.93289566040039,301.8359680175781,135.7017364501953,77.19401550292969
2023-09-07,26.31243896484375,37.346065521240234,302.6161193847656,134.54090881347656,76.90049743652344
2023-09-08,26.52757453918457,37.21770477294922,305.962158203125,134.64390563964844,77.89109802246094
2023-09-11,26.639820098876953,37.21770477294922,305.14447021484375,135.23367309570312,76.59782409667969
2023-09-12,27.098159790039062,38.21714401245117,311.0189514160156,136.99356079101562,78.46895599365234
2023-09-13,27.013978958129883,38.84981918334961,314.8537902832031,137.0591278076172,80.02824401855469
2023-09-14,27.313304901123047,39.55583953857422,323.86761474609375,139.71771240234375,81.6976089477539
2023-09-15,26.976564407348633,39.161563873291016,321.9595642089844,139.3058319091797,81.09222412109375
2023-09-18,26.901731491088867,39.097381591796875,322.6927185058594,139.59603881835938,81.3674087524414
2023-09-19,26.798837661743164,39.134056091308594,321.3486633300781,139.41818237304688,81.18396759033203
2023-09-20,26.705297470092773,38.78562927246094,316.470458984375,138.8284149169922,79.9273452758789
2023-09-21,26.23760414123535,38.24464797973633,310.3985290527344,137.74249267578125,77.85442352294922
2023-09-22,25.854097366333008,37.52028274536133,308.1897888183594,136.42254638671875,76.39602661132812
2023-09-25,25.816680908203125,37.611968994140625,309.08270263671875,137.0965576171875,76.15753936767578
2023-09-26,25.41446876525879,36.87844467163086,304.3642883300781,135.67364501953125,75.36872100830078
2023-09-27,25.508007049560547,37.0984992980957,302.60662841796875,136.46934509277344,74.89177703857422
2023-09-28,25.779266357421875,37.77701950073242,305.661376953125,138.1637725830078,75.38706970214844
2023-09-29,25.610897064208984,37.712833404541016,304.1293640136719,135.75791931152344,74.91010284423828
2023-10-02,24.974836349487305,37.13517761230469,299.36395263671875,134.58773803710938,73.75440216064453
2023-10-03,24.235876083374023,36.5483512878418,287.7276916503906,133.59544372558594,71.56222534179688
2023-10-04,24.263944625854492,36.50250244140625,290.05877685546875,134.19456481933594,72.54365539550781
2023-10-05,24.37618637084961,36.566688537597656,291.8446350097656,134.76040649414062,72.59868621826172
2023-10-06,24.385541915893555,37.199363708496094,293.7056884765625,136.8350372314453,73.68102264404297
2023-10-09,24.61003303527832,37.35523986816406,293.827880859375,136.52386474609375,73.2957992553711
2023-10-10,25.26480484008789,37.9970817565918,295.8580322265625,137.353759765625,73.49757385253906
2023-10-11,25.274158477783203,38.0796012878418,294.2131652832031,137.82525634765625,72.369384765625
2023-10-12,25.161911010742188,38.0796012878418,291.233642578125,137.50462341308594,71.36961364746094
2023-10-13,25.030960083007812,37.987911224365234,290.7167053222656,139.5699005126953,71.35127258300781
2023-10-16,25.246095657348633,37.547794342041016,295.50091552734375,139.4284210205078,72.21346282958984
2023-10-17,25.835390090942383,37.77701950073242,290.7731018066406,139.12664794921875,73.68102264404297
2023-10-18,25.54541778564453,37.10767364501953,283.8177490234375,137.59893798828125,68.68212127685547
2023-10-19,25.218036651611328,36.73173522949219,281.214111328125,137.01422119140625,66.88436126708984
2023-10-20,24.61003303527832,36.383304595947266,282.0224304199219,134.8075408935547,67.07698059082031
2023-10-23,23.917848587036133,35.658939361572266,281.2423095703125,132.96861267089844,65.76533508300781
2023-10-24,23.824304580688477,35.69561767578125,281.2047119140625,133.12892150878906,65.63691711425781
2023-10-25,23.899139404296875,35.40220642089844,278.9301452636719,132.40280151367188,65.49018859863281
2023-10-26,24.43231201171875,36.071556091308594,279.1463317871094,132.74227905273438,66.10472106933594
2023-10-27,23.543691635131836,35.06294250488281,272.4917297363281,127.96106719970703,64.57293701171875
2023-10-30,24.030094146728516,35.69561767578125,282.75555419921875,129.59251403808594,65.53852081298828
2023-10-31,24.63809585571289,36.20908737182617,285.3685607910156,131.13909912109375,65.75206756591797
2023-11-01,24.6942195892334,36.30995178222656,288.7052917480469,131.0259552001953,65.87274932861328
2023-11-02,25.835390090942383,37.9145622253418,294.90869140625,133.3647003173828,68.20313262939453
2023-11-03,26.58370018005371,39.2520637512207,307.9360046386719,134.85470581054688,70.80276489257812
2023-11-06,26.4995174407959,39.0477180480957,304.4489440917969,135.87318420410156,70.48710632324219
2023-11-07,26.340499877929688,38.97341537475586,304.486572265625,135.80712890625,70.1064453125
2023-11-08,26.08794593811035,38.8433837890625,305.05987548828125,136.47669982910156,70.53352355957031
2023-11-09,25.751209259033203,38.5461540222168,301.5069580078125,136.0712127685547,68.88088989257812
2023-11-10,25.89151382446289,39.084877014160156,305.9527587890625,138.08932495117188,69.93932342529297
2023-11-13,25.91022300720215,39.660743713378906,307.2686767578125,137.47633361816406,69.67007446289062
2023-11-14,27.332014083862305,41.20259094238281,318.3691101074219,139.9848175048828,72.70606994628906
2023-11-15,27.706167221069336,41.685577392578125,317.3164367675781,141.21078491210938,73.97803497314453
2023-11-16,27.63133430480957,41.49052810668945,316.4422912597656,142.8233642578125,73.95946502685547
2023-11-17,28.042903900146484,42.131412506103516,318.8108825683594,144.1153564453125,74.53508758544922
2023-11-20,28.07097053527832,42.03852462768555,319.0552673339844,144.55857849121094,73.99659729003906
2023-11-21,27.743579864501953,41.88063430786133,314.84442138671875,144.25677490234375,72.8546142578125
2023-11-22,27.715518951416016,41.81561279296875,318.2939147949219,144.59629821777344,72.8731918334961
2023-11-24,27.809057235717773,42.01066970825195,318.77325439453125,144.7943115234375,73.02173614501953
2023-11-27,27.650041580200195,41.871341705322266,317.41973876953125,144.46426391601562,72.37181854248047
2023-11-28,27.621978759765625,41.66699981689453,317.36334228515625,144.7943115234375,71.3783950805664
2023-11-29,28.351581573486328,42.49365234375,322.4427490234375,145.52989196777344,72.92888641357422
2023-11-30,28.747575759887695,42.8187370300293,323.65570068359375,147.1896514892578,73.662353515625
2023-12-01,29.190719604492188,43.86831283569336,330.18487548828125,147.9063262939453,75.10142517089844
2023-12-04,29.0587215423584,43.99834442138672,331.09466552734375,148.99085998535156,75.39852905273438
2023-12-05,28.832439422607422,43.376033782958984,323.8547668457031,148.9720001220703,74.43296813964844
2023-12-06,28.78529167175293,44.45347213745117,324.0631103515625,147.4065399169922,73.72735595703125
2023-12-07,28.907861709594727,45.047916412353516,326.5744323730469,147.8591766357422,74.6000747680664
2023-12-08,29.190719604492188,45.410160064697266,332.459228515625,149.4906463623047,76.39198303222656
2023-12-11,29.087007522583008,44.72282409667969,333.340576171875,150.0376434326172,76.89331817626953
2023-12-12,28.983291625976562,44.63924026489258,334.1460266113281,151.37673950195312,77.61750793457031
2023-12-13,30.209003448486328,45.828125,343.73614501953125,151.88600158691406,79.50223541259766
2023-12-14,32.00041961669922,46.6640739440918,363.3901062011719,154.64907836914062,84.52510070800781
2023-12-15,31.679847717285156,46.28325653076172,360.5850830078125,155.81846618652344,85.02645874023438
2023-12-18,31.51957130432129,46.1253547668457,356.6903381347656,156.76148986816406,84.26514434814453
2023-12-19,31.59499168395996,47.304962158203125,362.42352294921875,158.8550567626953,85.34213256835938
2023-12-20,31.09528923034668,46.50617218017578,357.7516174316406,157.0632781982422,84.6179428100586
2023-12-21,31.302709579467773,46.99843978881836,360.6419677734375,157.95916748046875,86.00131225585938
2023-12-22,31.51957130432129,47.23994064331055,360.7177429199219,157.8648681640625,85.79706573486328
2023-12-26,31.924999237060547,47.68577575683594,361.6275329589844,158.7984619140625,86.1962890625
2023-12-27,31.90614128112793,47.79723358154297,364.3472595214844,159.75091552734375,86.95760345458984
2023-12-28,31.94384765625,47.852962493896484,366.1761779785156,160.5996856689453,86.93902587890625
2023-12-29,31.745851516723633,47.778656005859375,365.5696105957031,160.4110870361328,86.57695007324219
2024-01-02,31.962709426879883,49.2647705078125,367.9671936035156,162.27828979492188,87.18042755126953
2024-01-03,31.61385154724121,49.82207107543945,361.79803466796875,161.5709991455078,85.33284759521484
2024-01-04,31.86842155456543,49.94281768798828,362.8973083496094,162.6432342529297,85.5556640625
2024-01-05,32.462425231933594,50.46296310424805,366.20458984375,163.45924377441406,86.56765747070312
2024-01-08,32.20785140991211,50.165733337402344,368.4978332519531,163.22203063964844,86.8183364868164
2024-01-09,31.7081356048584,49.673458099365234,363.6459655761719,161.93157958984375,85.47210693359375
2024-01-10,31.679847717285156,49.2462043762207,361.95916748046875,162.27316284179688,84.93360900878906
2024-01-11,31.255565643310547,48.37310791015625,359.8648986816406,161.58998107910156,84.03302764892578
2024-01-12,30.925567626953125,48.87467575073242,357.9696350097656,160.40391540527344,83.28097534179688
2024-01-16,30.284427642822266,48.17805099487305,360.5282287597656,159.3981475830078,79.81792449951172
2024-01-17,29.982715606689453,47.704345703125,357.429443359375,158.54417419433594,78.36954498291016
2024-01-18,29.916717529296875,47.47214889526367,357.173583984375,158.85728454589844,77.89603424072266
2024-01-19,30.37871551513672,47.852962493896484,362.1866149902344,161.59947204589844,79.23297882080078
2024-01-22,30.689855575561523,49.07901382446289,365.74969482421875,161.4097137451172,79.5950927734375
2024-01-23,30.897281646728516,49.50626754760742,360.8314514160156,160.34701538085938,80.53280639648438
2024-01-24,31.09528923034668,49.469112396240234,359.5332336425781,161.7797393798828,81.30342102050781
2024-01-25,31.481847763061523,49.90565872192383,362.6604309082031,164.094970703125,81.72122192382812
2024-01-26,31.51957130432129,49.84992980957031,358.0075378417969,163.46871948242188,81.45197296142578
2024-01-29,31.689279556274414,50.25861740112305,360.6324462890625,163.89572143554688,81.34983825683594
2024-01-30,32.801841735839844,53.02650833129883,366.6120300292969,167.2546844482422,82.14673614501953
2024-01-31,32.0664176940918,52.1719856262207,363.9018859863281,165.4423370361328,81.79048156738281
2024-02-01,31.63271141052246,52.06982421875,363.7502136230469,164.8445587158203,81.3967056274414
2024-02-02,31.557281494140625,52.07919692993164,367.55023193359375,165.7934112548828,81.818603515625
2024-02-05,31.104711532592773,51.10400390625,362.9636535644531,165.57518005371094,80.52479553222656
2024-02-06,31.151851654052734,50.96335220336914,364.8304748535156,166.14450073242188,80.7216796875
2024-02-07,31.283857345581055,51.14150619506836,366.4130554199219,166.4575958251953,80.62793731689453
2024-02-08,31.227283477783203,50.90708541870117,364.8778991699219,165.85983276367188,80.2998046875
2024-02-09,31.18014144897461,50.62577819824219,364.1387023925781,166.05908203125,80.52479553222656
2024-02-12,31.698707580566406,50.56013870239258,372.0799255371094,166.79916381835938,81.44358825683594
2024-02-13,30.8784236907959,49.472415924072266,358.9172668457031,165.3474578857422,78.72473907470703
2024-02-14,31.236709594726562,50.61640930175781,358.24444580078125,167.0269317626953,78.75286865234375
2024-02-15,32.12299346923828,51.76976013183594,365.23797607421875,170.6705322265625,80.31853485107422
2024-02-16,32.141849517822266,51.43218994140625,364.3092956542969,169.87350463867188,81.09668731689453
2024-02-20,32.01927947998047,51.966670989990234,364.38507080078125,170.53765869140625,80.0185317993164
2024-02-21,31.774137496948242,51.88228225708008,367.9387512207031,171.64784240722656,80.12166595458984
2024-02-22,31.689279556274414,52.41676330566406,370.0235595703125,173.70684814453125,80.48729705810547
2024-02-23,31.981565475463867,52.44489288330078,370.5731506347656,174.57980346679688,81.1435775756836
2024-02-26,31.689279556274414,51.91040802001953,369.7866516113281,173.98202514648438,80.31853485107422
2024-02-27,32.32099151611328,52.23860168457031,370.3457336425781,174.06744384765625,80.14978790283203
2024-02-28,32.349273681640625,51.61973190307617,375.2320556640625,174.94989013671875,80.6748046875
2024-02-29,32.77655029296875,52.03231430053711,371.29058837890625,176.54393005371094,80.6654281616211
2024-03-01,32.61513137817383,52.13545608520508,370.3839111328125,175.81332397460938,81.07794952392578
2024-03-04,33.374732971191406,52.641807556152344,374.3445129394531,177.13221740722656,84.41557312011719
2024-03-05,33.60261154174805,52.75432205200195,373.065673828125,178.90658569335938,83.56241607666016
2024-03-06,33.63108825683594,53.720157623291016,371.7868347167969,179.8364715576172,80.30917358398438
2024-03-07,33.83049011230469,54.12336349487305,370.6988830566406,178.26133728027344,80.75918579101562
2024-03-08,33.801998138427734,53.92644119262695,369.3245849609375,178.59347534179688,81.60296630859375
2024-03-11,34.077354431152344,53.83266830444336,368.5325012207031,178.6598663330078,81.50921630859375
2024-03-12,34.14381790161133,53.870182037353516,370.4602966308594,180.13059997558594,81.61235046386719
2024-03-13,34.257755279541016,54.16086196899414,374.4017333984375,181.5918426513672,83.76868438720703
2024-03-14,33.88745880126953,53.53261184692383,370.8706359863281,178.35626220703125,83.53429412841797
2024-03-15,33.6215934753418,54.02021026611328,369.5345458984375,180.5670623779297,82.85926818847656
2024-03-18,34.1912956237793,54.976654052734375,366.8241271972656,182.80638122558594,82.46549987792969
2024-03-19,34.21028137207031,55.19232177734375,370.9184265136719,183.87855529785156,82.89677429199219
2024-03-20,34.8939208984375,56.38318634033203,378.3718566894531,186.2886962890625,85.64373779296875
2024-03-21,35.61553955078125,57.50841522216797,394.82489013671875,188.87904357910156,87.56566619873047
2024-03-22,35.178768157958984,57.03019332885742,388.2493896484375,186.56385803222656,86.20626068115234
2024-03-25,34.99836730957031,57.1520881652832,386.45526123046875,184.8559112548828,85.44686126708984
2024-03-26,35.216758728027344,57.817848205566406,387.63861083984375,185.71934509277344,85.57810974121094
2024-03-27,35.900390625,58.839927673339844,396.2945556640625,189.3155059814453,87.65943145751953
2024-03-28,36.004825592041016,59.29939651489258,398.6231994628906,190.05563354492188,88.27821350097656
2024-04-01,35.62503433227539,59.50568389892578,394.6340026855469,188.76519775390625,87.68756103515625
2024-04-02,35.4161376953125,58.92431640625,391.4273681640625,188.68927001953125,86.91876983642578
2024-04-03,35.549072265625,57.84598159790039,395.10162353515625,188.1579132080078,87.19066619873047
2024-04-04,35.055328369140625,57.11458206176758,387.7054443359375,186.72634887695312,86.5156478881836
2024-04-05,35.235740661621094,57.76158142089844,389.4423828125,188.4442596435547,86.69377136230469
2024-04-08,35.606040954589844,57.88348388671875,391.799560546875,189.42724609375,87.3875503540039
2024-04-09,35.824424743652344,57.817848205566406,391.9618225097656,188.1579132080078,88.20321655273438
2024-04-10,34.79897689819336,56.4300651550293,382.466064453125,186.55453491210938,85.92499542236328
2024-04-11,34.51412582397461,56.927040100097656,379.3357849121094,186.51637268066406,81.41545867919922
2024-04-12,33.98240661621094,55.96122741699219,371.7104797363281,174.45289611816406,80.80606842041016
2024-04-15,34.13433074951172,54.911014556884766,382.5805358886719,174.54833984375,81.55608367919922
2024-04-16,32.928470611572266,53.46696853637695,378.7440490722656,172.5536346435547,83.57179260253906
2024-04-17,33.450687408447266,54.54531478881836,385.4722595214844,171.8665008544922,84.45307159423828
2024-04-18,33.96342086791992,54.68596649169922,384.7087097167969,172.98312377929688,84.621826171875
2024-04-19,35.10281753540039,55.45487594604492,385.55816650390625,177.3256072998047,84.99683380126953
2024-04-22,35.824424743652344,57.1520881652832,398.29876708984375,180.7709503173828,86.33750915527344
2024-04-23,36.432106018066406,58.76491165161133,404.6451721191406,183.37643432617188,87.9031982421875
2024-04-24,36.38462829589844,58.57737350463867,403.72900390625,184.2735595703125,87.9875717163086
2024-04-25,35.99532699584961,57.93975067138672,400.8754577636719,184.5503387451172,86.77814483642578
2024-04-26,35.919376373291016,58.755531311035156,408.0521545410156,184.66485595703125,87.03128814697266
2024-04-29,35.65351867675781,58.380462646484375,411.1442565917969,184.46444702148438,87.15430450439453
2024-04-30,35.14078903198242,57.50841522216797,407.2314453125,182.9946746826172,85.9526138305664
2024-05-01,35.08382034301758,57.52716064453125,407.46051025390625,183.10922241210938,86.6149673461914
2024-05-02,35.017356872558594,57.705322265625,412.8240051269531,182.9183349609375,87.66525268554688
2024-05-03,35.3686637878418,58.18769836425781,418.1778564453125,181.82077026367188,88.60196685791016
2024-05-06,35.78644561767578,59.4078254699707,423.4172668457031,183.2427978515625,89.69010925292969
2024-05-07,35.92886734008789,58.64170455932617,423.54132080078125,183.00421142578125,90.63629913330078
2024-05-08,35.80543899536133,59.35107421875,426.5475158691406,186.72634887695312,90.49437713623047
2024-05-09,36.34665298461914,59.89019775390625,434.76446533203125,188.49195861816406,92.83148193359375
2024-05-10,36.508060455322266,60.08882141113281,433.9723815917969,189.70404052734375,92.99232482910156
2024-05-13,36.28018569946289,59.96586608886719,432.8558044433594,189.66586303710938,93.25726318359375
2024-05-14,36.54603576660156,60.145572662353516,437.5416564941406,192.31907653808594,94.03315734863281
2024-05-15,36.944828033447266,60.76036834716797,444.8138427734375,192.89169311523438,95.11181640625
2024-05-16,37.239173889160156,60.6657829284668,443.3155212402344,193.23526000976562,94.2223892211914
2024-05-17,37.30563735961914,60.59957504272461,446.36944580078125,195.44943237304688,94.82797241210938
2024-05-20,36.859375,59.738868713378906,441.8075866699219,186.6595001220703,94.93204498291016
2024-05-21,37.64745330810547,61.2332878112793,448.9366149902344,190.41986083984375,96.06747436523438
2024-05-22,37.75189971923828,60.36311721801758,441.2732238769531,189.26499938964844,95.31998443603516
2024-05-23,37.19169235229492,59.606449127197266,437.23626708984375,187.93841552734375,93.59790802001953
2024-05-24,37.69493103027344,60.1361198425293,440.12799072265625,191.5555419921875,93.64520263671875
2024-05-28,37.33412551879883,59.067325592041016,438.8205261230469,190.40072631835938,93.3613510131836
2024-05-29,36.76442337036133,58.65115737915039,436.30108642578125,189.0741424560547,92.03667449951172
2024-05-30,36.67897415161133,58.57549285888672,432.2781066894531,190.23851013183594,91.99883270263672
2024-05-31,37.97028350830078,58.934913635253906,438.3172607421875,193.3879852294922,92.57600402832031
2024-06-03,37.8658447265625,58.56603240966797,436.8386535644531,192.61492919921875,92.16915130615234
2024-06-04,37.675941467285156,57.724239349365234,437.1458740234375,190.07627868652344,91.38379669189453
2024-06-05,37.941795349121094,58.42416000366211,443.2715148925781,188.26290893554688,91.4594955444336
2024-06-06,37.69493103027344,58.58495330810547,439.83428955078125,187.9288787841797,91.6392822265625
2024-06-07,38.00061798095703,58.43361282348633,436.7714538574219,190.8302001953125,91.9136734008789
2024-06-10,37.89553451538086,58.10257339477539,435.4656677246094,190.50570678710938,91.20401763916016
2024-06-11,37.121768951416016,55.936614990234375,426.55572509765625,185.49517822265625,90.29566955566406
2024-06-12,37.64716339111328,56.75948715209961,430.80908203125,182.79425048828125,90.50383758544922
2024-06-13,37.503875732421875,56.96757888793945,428.5527648925781,184.82713317871094,90.08750915527344
2024-06-14,37.48477554321289,56.1163215637207,428.65838623046875,184.94163513183594,90.36190795898438
2024-06-17,37.74269104003906,56.806785583496094,432.23004150390625,186.08688354492188,91.81906127929688
2024-06-18,38.20122146606445,57.48777389526367,439.1909484863281,188.01475524902344,92.32052612304688
2024-06-20,38.20122146606445,57.336448669433594,439.7862854003906,189.60861206054688,92.19754028320312
2024-06-21,37.72358703613281,56.740577697753906,432.23004150390625,187.3466796875,90.98639678955078
2024-06-24,38.229881286621094,58.01744842529297,443.6651611328125,189.80902099609375,91.87581634521484
2024-06-25,37.618507385253906,58.24444580078125,439.14300537109375,189.0359649658203,92.53816986083984
2024-06-26,37.25551223754883,57.93231964111328,437.6835632324219,188.42515563964844,91.67711639404297
2024-06-27,37.494319915771484,58.21607208251953,428.1783142089844,190.08578491210938,90.61737823486328
2024-06-28,37.99106216430664,60.02261734008789,434.28466796875,193.0348663330078,91.96099090576172
2024-07-01,38.22032928466797,59.994239807128906,445.1725769042969,196.07936096191406,93.82498931884766
2024-07-02,39.099178314208984,61.17653274536133,447.0447998046875,199.30520629882812,94.28861999511719
2024-07-03,39.07052230834961,60.96845245361328,449.2626953125,199.1715850830078,94.80902862548828
2024-07-05,38.60243606567383,60.561737060546875,446.21905517578125,196.53245544433594,94.23184967041016
2024-07-08,38.803043365478516,61.2332878112793,446.28631591796875,196.8971405029297,95.17805480957031
2024-07-09,39.5672607421875,62.945247650146484,453.9769592285156,199.25796508789062,97.0893783569336
2024-07-10,39.872947692871094,63.351951599121094,459.7953186035156,199.4210968017578,97.89363098144531
2024-07-11,39.939815521240234,62.150753021240234,460.1217346191406,199.085205078125,99.0101547241211
2024-07-12,39.729652404785156,61.02519607543945,460.74578857421875,196.67640686035156,98.48973846435547
2024-07-15,40.0162353515625,61.61161422729492,472.6034240722656,201.5803680419922,99.5968017578125
2024-07-16,42.156044006347656,63.626243591308594,482.963134765625,205.00643920898438,100.50514221191406
2024-07-17,42.01274871826172,63.94782257080078,482.15667724609375,208.12538146972656,101.20533752441406
2024-07-18,41.08613586425781,61.37516403198242,466.82342529296875,201.51318359375,99.1709976196289
2024-07-19,40.981056213378906,61.61161422729492,465.594482421875,201.3212432861328,96.59735107421875
2024-07-22,40.407894134521484,61.006290435791016,467.6203918457031,201.80108642578125,96.92851257324219
2024-07-23,40.51297378540039,61.157615661621094,472.52655029296875,201.8490753173828,97.93148803710938
2024-07-24,40.30281448364258,60.2117805480957,467.2939147949219,200.17926025390625,96.48381042480469
2024-07-25,39.81563186645508,60.88332748413086,472.10418701171875,200.25601196289062,97.98826599121094
2024-07-26,39.80607223510742,61.649452209472656,479.1322326660156,203.6820831298828,98.58436584472656
2024-07-29,39.25202178955078,60.81711959838867,473.0738525390625,202.34811401367188,96.96637725830078
2024-07-30,39.43352127075195,62.30207443237305,485.50750732421875,206.5131072998047,98.17749786376953
2024-07-31,38.50691604614258,61.36569595336914,488.73358154296875,204.21949768066406,98.5355224609375
2024-08-01,37.73314666748047,59.85236740112305,480.1788330078125,199.57464599609375,97.15119934082031
2024-08-02,35.89902114868164,55.57719421386719,451.874267578125,191.11029052734375,91.50886535644531
2024-08-05,35.01062774658203,53.6768798828125,440.7175598144531,187.04124450683594,87.9000473022461
2024-08-06,35.26853942871094,54.0111083984375,451.47100830078125,192.2618865966797,88.7593002319336
2024-08-07,35.63154220581055,53.581382751464844,454.1497802734375,192.31947326660156,87.93826293945312
2024-08-08,36.5008430480957,55.386207580566406,466.4010009765625,195.83189392089844,90.34410858154297
2024-08-09,36.567718505859375,55.233421325683594,470.7119445800781,197.50173950195312,90.43003845214844
2024-08-12,36.46262741088867,55.233421325683594,466.1417236328125,197.87603759765625,90.54459381103516
2024-08-13,36.73965835571289,55.52944564819336,472.3249206542969,199.55545043945312,92.32991027832031
2024-08-14,37.07400894165039,56.60852813720703,478.8154296875,201.76272583007812,94.93626403808594
2024-08-15,37.284156799316406,57.79264831542969,479.1226806640625,203.0198974609375,96.08191680908203
2024-08-16,37.580299377441406,58.632991790771484,484.15374755859375,205.34231567382812,96.845703125
2024-08-19,37.89553451538086,59.234596252441406,484.55694580078125,206.7626190185547,97.14163970947266
2024-08-20,36.95936965942383,58.54705047607422,477.5096130371094,205.8701171875,96.21558380126953
2024-08-21,37.016685485839844,57.80220031738281,476.66473388671875,205.94691467285156,96.12964630126953
2024-08-22,37.48477554321289,57.697147369384766,477.9033203125,207.89505004882812,96.00554656982422
2024-08-23,37.99106216430664,59.33964157104492,489.10797119140625,209.50730895996094,97.27530670166016
2024-08-26,38.13435363769531,59.00542068481445,487.6197814941406,210.33265686035156,97.69538116455078
2024-08-27,37.89553451538086,58.90037155151367,487.03411865234375,211.30191040039062,97.45670318603516
2024-08-28,38.16301345825195,58.80487823486328,483.26080322265625,212.36715698242188,97.57125091552734
2024-08-29,38.3731689453125,59.09136199951172,489.7608947753906,213.2500457763672,97.95314025878906
2024-08-30,38.92722702026367,59.817108154296875,492.80316162109375,215.73562622070312,98.91740417480469
2024-09-03,38.87946319580078,58.690284729003906,470.7923889160156,211.41709899902344,94.77395629882812
2024-09-04,38.688411712646484,58.21281433105469,473.8636779785156,210.48619079589844,95.6141128540039
2024-09-05,38.344512939453125,57.89768600463867,471.1980285644531,208.854736328125,95.05083465576172
2024-09-06,37.267635345458984,56.42708969116211,463.2108154296875,203.89320373535156,92.21533966064453
2024-09-09,37.95029830932617,56.8568115234375,471.864501953125,208.06777954101562,93.73333740234375
2024-09-10,37.76762008666992,55.338462829589844,451.15753173828125,197.2714080810547,92.24400329589844
2024-09-11,37.49839782714844,54.71775436401367,455.05938720703125,198.87408447265625,92.63542175292969
2024-09-12,37.286869049072266,54.74641036987305,457.85064697265625,198.26947021484375,92.2630844116211
2024-09-13,37.16187286376953,55.07107925415039,462.6120300292969,196.0814208984375,93.80016326904297
2024-09-16,37.59454345703125,55.758636474609375,468.571044921875,199.4786834716797,95.55683135986328
2024-09-17,38.0272216796875,56.618072509765625,468.7931823730469,200.8126220703125,95.31814575195312
2024-09-18,38.09452819824219,57.20058822631836,468.0108337402344,199.16197204589844,94.8026123046875
2024-09-19,39.2963981628418,60.17998504638672,486.6026611328125,201.9930419921875,96.16785430908203
2024-09-20,38.71949768066406,59.33964157104492,481.3872985839844,202.57843017578125,97.82904052734375
2024-09-23,38.33489990234375,59.75981521606445,480.4021911621094,202.91432189941406,97.82904052734375
2024-09-24,37.931068420410156,58.60434341430664,480.9913635253906,203.05828857421875,97.93405151367188
2024-09-25,37.738765716552734,57.658958435058594,474.3465881347656,201.71475219726562,97.70491790771484
2024-09-26,37.998374938964844,58.929019927978516,479.9289855957031,201.3212432861328,99.86256408691406
2024-09-27,37.882999420166016,59.08180236816406,481.464599609375,202.01222229003906,99.39476013183594
2024-09-30,38.15221405029297,59.778907775878906,478.18084716796875,202.35772705078125,99.51886749267578
2024-10-01,37.709930419921875,59.02451705932617,473.4097900390625,198.69174194335938,99.69071960449219
2024-10-02,37.71954345703125,59.234596252441406,475.1675109863281,198.93167114257812,99.78617858886719
2024-10-03,37.738765716552734,58.54705047607422,469.4788818359375,196.9547119140625,99.83391571044922
2024-10-04,38.56565856933594,59.817108154296875,478.2291564941406,203.94537353515625,102.99401092529297
2024-10-07,38.42143249511719,59.778907775878906,477.70758056640625,203.66534423828125,102.76487731933594
2024-10-08,38.3925895690918,60.390071868896484,479.5909118652344,203.49154663085938,102.62167358398438
2024-10-09,38.642578125,61.23041915893555,487.9065246582031,206.06959533691406,104.10147857666016
2024-10-10,38.43104934692383,60.61925506591797,486.4964599609375,205.5095672607422,103.18494415283203
2024-10-11,40.33481216430664,62.77739334106445,498.6462707519531,214.63409423828125,105.45716857910156
2024-10-14,40.296348571777344,63.035240173339844,504.875732421875,213.8520050048828,107.19473266601562
2024-10-15,40.51749801635742,59.817108154296875,504.51837158203125,214.73065185546875,107.13744354248047
2024-10-16,41.15208435058594,61.354557037353516,511.7425842285156,215.93760681152344,114.09728240966797
2024-10-17,40.95978546142578,61.08717727661133,510.9120178222656,216.6907501220703,114.03044891357422
2024-10-18,40.6905632019043,60.017642974853516,510.42913818359375,217.60801696777344,115.57707214355469
2024-10-21,40.152130126953125,59.043609619140625,500.0950012207031,215.3196563720703,112.92298889160156
2024-10-22,40.67133712768555,60.69565200805664,500.5779113769531,216.40106201171875,112.96116638183594
2024-10-23,40.70979309082031,60.25637435913086,499.51556396484375,215.7155303955078,112.92298889160156
2024-10-24,41.00786209106445,60.160884857177734,506.56585693359375,217.23146057128906,113.77266693115234
2024-10-25,40.277122497558594,58.97676086425781,495.0727844238281,214.65341186523438,111.58638763427734
2024-10-28,40.97901916503906,61.268611907958984,505.6773681640625,217.73355102539062,113.73448944091797
2024-10-29,40.89248275756836,61.77473068237305,506.35345458984375,215.22308349609375,113.89679718017578
2024-10-30,40.68095779418945,61.593292236328125,506.4693298339844,216.6810760498047,112.57928466796875
2024-10-31,40.20981979370117,61.278160095214844,500.0853576660156,214.27685546875,111.86241149902344
2024-11-01,40.152130126953125,60.838890075683594,501.59197998046875,215.26173400878906,112.43976593017578
2024-11-04,39.73869323730469,60.06816864013672,493.9814758300781,212.21055603027344,111.75656127929688
2024-11-05,40.267513275146484,61.33985900878906,508.9418029785156,213.86167907714844,113.36353302001953
2024-11-06,43.661590576171875,66.50369262695312,575.6017456054688,238.55099487304688,126.5272216796875
2024-11-07,43.04623794555664,65.61737060546875,562.2639770507812,228.23886108398438,123.59232330322266
2024-11-08,43.39237594604492,66.11833190917969,569.1116333007812,228.81817626953125,124.64119720458984
2024-11-11,44.30580139160156,67.24552154541016,581.7444458007812,231.04859924316406,128.48060607910156
2024-11-12,44.094268798828125,66.49406433105469,572.3278198242188,231.30929565429688,127.31627655029297
2024-11-13,44.103878021240234,66.36882019042969,573.9019775390625,232.85418701171875,127.74928283691406
2024-11-14,44.13273239135742,65.65591430664062,568.4837646484375,233.53973388671875,127.43171691894531
2024-11-15,44.95000076293945,66.24358367919922,573.2453002929688,236.86126708984375,129.0001983642578
2024-11-18,44.9211540222168,66.47478485107422,567.8849487304688,236.59091186523438,128.73077392578125
2024-11-19,44.62308883666992,66.08943176269531,561.5010986328125,234.71774291992188,127.24891662597656
2024-11-20,44.28657150268555,65.78114318847656,562.0321044921875,232.48728942871094,126.71966552734375
2024-11-21,44.67116928100586,66.42662048339844,575.7273559570312,236.33021545410156,129.89512634277344
2024-11-22,45.19038009643555,67.28404235839844,582.16943359375,239.98968505859375,129.60643005371094
2024-11-25,45.67112731933594,68.1607437133789,582.4107666015625,241.66973876953125,128.61532592773438
2024-11-26,45.911495208740234,67.19734954833984,584.7962646484375,241.36077880859375,126.32511901855469
2024-11-27,45.930728912353516,67.59234619140625,584.7286376953125,241.1869659423828,126.25778198242188
2024-11-29,45.68074035644531,68.27635955810547,587.7612915039062,241.11936950683594,126.64268493652344
2024-12-02,45.22883987426758,68.7773208618164,584.014892578125,237.7689208984375,126.0845718383789
2024-12-03,45.01730728149414,68.80623626708984,584.3740234375,236.38816833496094,125.51683807373047
2024-12-04,44.58462905883789,68.88330078125,581.1030883789062,235.0170440673828,125.0838394165039
2024-12-05,45.19038009643555,69.58658599853516,579.249267578125,237.025390625,125.40137481689453
2024-12-06,45.200042724609375,69.50951385498047,582.0445556640625,238.84066772460938,125.05496215820312
2024-12-09,44.38789367675781,69.23013305664062,576.6480712890625,235.41294860839844,123.7270278930664
2024-12-10,44.23319625854492,69.84671020507812,567.825439453125,234.49566650390625,122.00460052490234
2024-12-11,44.55226135253906,69.32646942138672,575.1339721679688,235.142578125,122.7744140625
2024-12-12,44.55226135253906,68.81586456298828,574.2118530273438,233.21145629882812,123.08233642578125
2024-12-13,44.15584945678711,68.41123962402344,568.2620849609375,231.67623901367188,122.59158325195312
2024-12-16,43.96247863769531,68.87367248535156,569.0872802734375,231.32861328125,124.16006469726562
2024-12-17,43.55640411376953,68.51721954345703,557.7797241210938,230.15065002441406,122.91873931884766
2024-12-18,42.057796478271484,65.62699890136719,534.068115234375,222.435791015625,116.47163391113281
2024-12-19,41.9417724609375,65.91600799560547,537.6982421875,224.93663024902344,115.95199584960938
2024-12-20,42.7055778503418,66.6578369140625,549.4520263671875,229.41683959960938,118.78104400634766
2024-12-23,42.43486404418945,67.21660614013672,553.9945068359375,230.17962646484375,119.75292205810547
2024-12-24,42.90862274169922,68.40159606933594,565.6512451171875,233.964599609375,122.264404296875
2024-12-26,43.07298278808594,68.7387924194336,564.1371459960938,234.7659912109375,123.19779968261719
2024-12-27,42.86994934082031,68.40159606933594,559.2356567382812,232.86387634277344,121.9757308959961
2024-12-30,42.45420455932617,67.81392669677734,556.6829223632812,231.07757568359375,121.00386047363281
2024-12-31,42.49287414550781,67.81392669677734,555.7803955078125,231.4541473388672,120.97498321533203
